<?xml version="1.0" encoding="UTF-8" standalone="no"?>
<ServerSettings DomainId="56443377C200008417DEA1C1194F3EB5">
  <CommConf>
    <AgentCommunicationSetting AlwaysConnect="1" CommunicationMode="PUSH" DisableDownloadProfile="0" Kcs="8CA06BF6395301657E993426AD3255E5" PushHeartbeatSeconds="300" UploadCmdStateHeartbeatSeconds="300" UploadLearnedApp="0" UploadLogHeartbeatSeconds="300" UploadOpStateHeartbeatSeconds="300"/>
    <LogSetting MaxLogRecords="100" SendingLogAllowed="1" UploadProcessLog="1" UploadRawLog="1" UploadSecurityLog="1" UploadSystemLog="1" UploadTrafficLog="1"/>
    <RegisterClient PreferredGroup="My Company" PreferredMode="1"/>
    <ServerList FreezeSmsList="0" Name="Default Management Server List for My Site">
      <ServerPriorityBlock Name="List0">
        <Server Address="192.168.100.132" HttpsPort="443" Protocol="HTTPS" VerifySignatures="1"/>
        <Server Address="RNZBiff" HttpsPort="443" Protocol="HTTPS" VerifySignatures="1"/>
        <Server Address="RNZBiff.domain.rinnai.co.nz" HttpsPort="443" Protocol="HTTPS" VerifySignatures="1"/>
      </ServerPriorityBlock>
    </ServerList>
    <ServerCertList>
      <Certificate Name="RNZBiff">-----BEGIN CERTIFICATE-----
MIIEKDCCAxCgAwIBAgIQH/Ar35Gk7Pc//k4JAKMlmTANBgkqhkiG9w0BAQsFADB7MXkwCQYDVQQG&#13;
EwJVUzAJBgNVBAgMAkNBMAoGA1UECwwDRVNHMBQGA1UEBwwNTW91bnRhaW4gVmlldzAbBgNVBAoM&#13;
FFN5bWFudGVjIENvcnBvcmF0aW9uMCIGA1UEAwwbUk5aQmlmZi5kb21haW4ucmlubmFpLmNvLm56&#13;
MB4XDTE4MDIyNjIxNTIyM1oXDTI4MDMyNTIxNTIyM1owezF5MAkGA1UEBhMCVVMwCQYDVQQIDAJD&#13;
QTAKBgNVBAsMA0VTRzAUBgNVBAcMDU1vdW50YWluIFZpZXcwGwYDVQQKDBRTeW1hbnRlYyBDb3Jw&#13;
b3JhdGlvbjAiBgNVBAMMG1JOWkJpZmYuZG9tYWluLnJpbm5haS5jby5uejCCASIwDQYJKoZIhvcN&#13;
AQEBBQADggEPADCCAQoCggEBANN9e3kjPHyZeW5kWrkscRELWUR0qxxnRrUZKkOpGxmttCYTSLmJ&#13;
ckly3cIH3lMCa9+X98VlzyqauFRSasC4SDs51UGBLKSv6/I9ZMRR1NiFZ5eyVP+9UFrg4v5NiLAh&#13;
1NvK3Ek+SwLEWIi34hsoZfshkr1DWo4LzVFuuC52BXSiyrG/gECpQp6wflc4Ev0KcG053Qx1FlUv&#13;
YcqbKpSfRlwSrcU3QvtQyyFwzFL5170v7M8Jzm4P5hKFqf1AG2bE8rL5BS0xoj23rHlxPFDt3bq0&#13;
v+bnS2qWkLy0ti+84Mu8pIvloFeVe/E0MHu2ZagZteSAY3cX2aIbtTJyl9DSrgsCAwEAAaOBpzCB&#13;
pDCBoQYDVR0RBIGZMIGWghtSTlpCaWZmLmRvbWFpbi5yaW5uYWkuY28ubnqCB1JOWkJpZmaHBMIA&#13;
AISCCzE5NC4wLjAuMTMyhxAgAsIAAIQAAAAAAADCAACEghoyMDAyOmMyMDA6ODQ6MDowOjA6YzIw&#13;
MDo4NIcQ/oAAAAAAAAACAF7+wgAAhIIbZmU4MDowOjA6MDoyMDA6NWVmZTpjMjAwOjg0MA0GCSqG&#13;
SIb3DQEBCwUAA4IBAQC/W+Gi/KofQslnWSTMCgAJ0YxcTgalJUtE3yx7aq77slAlkWa+EpABli7/&#13;
d+EP6K/Zv4+LOVgh/XhqDfVAUdNU/DjOY4LADWTcYbq/LCp0tBaAQInUQZQRijGRMHHyXTFKMr9h&#13;
CQGZtfOeBCmXfpz9wa1V49zqP4aQGaD97yLyBuNjI10gdQIgOfENgioBKOI7BO9ZYFk5qR6SXVPt&#13;
t7K611XnYJ1vQLII6XxMNpy1WMMV9/lZnVrRgTnDwOtHd5OyyX1IZ5ApcapcXzj/RJz+m5n+ySmW&#13;
7qdxmTDV4Gz5R5JERlNNfWA6Cm40rW3K1JvbtHDu6iEZsU7EqP95XIPt&#13;
-----END CERTIFICATE-----</Certificate>
    </ServerCertList>
  </CommConf>
</ServerSettings>
